{"IcoMoonType":"selection","icons":[{"icon":{"paths":["M250 176l92-90 426 426-426 426-92-90 338-336z"],"attrs":[{}],"isMulticolor":false,"isMulticolor2":false,"tags":["arrow_forward_ios"],"grid":24},"attrs":[{}],"properties":{"order":1,"id":1,"name":"arrow_forward_ios","prevSize":24,"code":59648},"setIdx":0,"setId":2,"iconIdx":0},{"icon":{"paths":["M366 708l196-196-196-196 60-60 256 256-256 256z"],"attrs":[{}],"isMulticolor":false,"isMulticolor2":false,"tags":["keyboard_arrow_right"],"grid":24},"attrs":[{}],"properties":{"order":2,"id":0,"name":"keyboard_arrow_right","prevSize":24,"code":59649},"setIdx":0,"setId":2,"iconIdx":1},{"icon":{"paths":["M704 640c-64 64-64 128-128 128s-128-64-192-128-128-128-128-192 64-64 128-128-128-256-192-256-192 192-192 192c0 128 131.5 387.5 256 512s384 256 512 256c0 0 192-128 192-192s-192-256-256-192z"],"tags":["phone","telephone","contact","support","call"],"defaultCode":59714,"grid":16,"attrs":[]},"attrs":[],"properties":{"ligatures":"phone, telephone","name":"phone","order":2,"id":67,"prevSize":32,"code":59714},"setIdx":1,"setId":1,"iconIdx":66},{"icon":{"paths":["M0 0h256v256h-256zM384 64h640v128h-640zM0 384h256v256h-256zM384 448h640v128h-640zM0 768h256v256h-256zM384 832h640v128h-640z"],"tags":["list","todo","bullet","menu","options"],"defaultCode":59834,"grid":16,"attrs":[]},"attrs":[],"properties":{"ligatures":"list, todo","name":"list","order":5,"id":187,"prevSize":32,"code":59834},"setIdx":1,"setId":1,"iconIdx":186}],"height":1024,"metadata":{"name":"icomoon"},"preferences":{"showGlyphs":true,"showQuickUse":true,"showQuickUse2":true,"showSVGs":true,"fontPref":{"prefix":"icon-","metadata":{"fontFamily":"icomoon"},"metrics":{"emSize":1024,"baseline":6.25,"whitespace":50},"embed":false},"imagePref":{"prefix":"icon-","png":true,"useClassSelector":true,"color":0,"bgColor":16777215,"classSelector":".icon"},"historySize":50,"showCodes":true,"gridSize":16}}